,importance
nh_amount_new_house_transactions_ewm_alpha0.5,81039480836170.5
nh_area_new_house_transactions_ewm_alpha0.5,19293588883736.5
nh_amount_new_house_transactions_diff1,6499284389456.5
nh_amount_new_house_transactions_diff3,5068344169819.0
nh_amount_new_house_transactions_pctchg1,1555613943437.0
nh_area_new_house_transactions_diff1,1388376086751.0
nh_area_new_house_transactions_pctchg1,1181097500912.0
nh_amount_new_house_transactions_diff12,1130592090764.0
nh_amount_new_house_transactions_roll6_min,734482181788.5
nh_price_new_house_transactions_ewm_alpha0.5,604570474131.5
nh_area_new_house_transactions_diff3,600614301366.5
nh_amount_new_house_transactions_lag1,412529516990.0
nh_amount_new_house_transactions_pctchg3,372702515390.5
nh_area_new_house_transactions_roll3_std,209401907025.0
nh_amount_new_house_transactions_lag2,196101480725.0
nh_inventory_turnover,183303964129.5
nh_amount_new_house_transactions_lag3,158119214253.5
nh_total_price_per_unit_new_house_transactions,152170477657.5
nh_area_new_house_transactions_diff12,139037334286.5
nh_total_price_per_unit_new_house_transactions_ewm_alpha0.5,78133682624.0
search_fang_di_chan_shui_pc_all_diff3,62139556796.0
nh_period_new_house_sell_through_pctchg3,38451522530.0
nh_price_new_house_transactions_roll3_std,32850087465.0
search_shui_fei_yi_dong_all_diff3,30105868459.0
nh_amount_new_house_transactions_lag12,27809084960.5
nh_period_new_house_sell_through_ewm_alpha0.5,25307665105.0
nh_price_new_house_transactions_diff1,23416389952.0
nh_period_new_house_sell_through_roll3_std,22250034245.5
macro_over_60_years_percent_yoy_lag1,21568091792.0
nh_total_price_per_unit_new_house_transactions_diff1,21182267944.5
search_fang_jia_yi_dong_all,19259098793.0
po_price_pre_owned_house_transactions_ewm_alpha0.5,18310144615.5
nh_total_price_per_unit_new_house_transactions_roll6_min,15727693523.5
imputed_nh_inventory_turnover,15223881258.5
nh_period_new_house_sell_through_pctchg1,14781063926.5
po_amount_pre_owned_house_transactions_diff1,14712976837.0
search_fang_jia_yi_dong_all_lag3,14679050718.0
nh_period_new_house_sell_through_diff1,13312312547.0
ponbr_price_pre_owned_house_transactions_nearby_sectors_roll3_std,12364576837.0
nh_total_price_per_unit_new_house_transactions_lag6,12001692173.0
ponbr_area_pre_owned_house_transactions_nearby_sectors_diff3,11767655949.0
search_xue_qu_fang_yi_dong_all,11108686257.0
nh_price_new_house_transactions_roll6_std,10200513096.0
nhnbr_amount_new_house_transactions_nearby_sectors_lag12,9933866024.5
ponbr_amount_pre_owned_house_transactions_nearby_sectors_roll3_std,9924600357.5
nh_area_new_house_available_for_sale_ewm_alpha0.5,9710818114.0
search_fang_wu_zhuang_xiu_yi_dong_all_lag2,9548246119.0
nh_price_new_house_transactions_pctchg1,9529304649.5
nh_area_new_house_available_for_sale_roll6_std,9434196404.5
ponbr_area_pre_owned_house_transactions_nearby_sectors_lag12,9138202185.5
nh_area_new_house_available_for_sale_pctchg3,8359021913.0
nh_period_new_house_sell_through_lag6,8289924980.0
search_qi_shui_pc_all,7660037112.0
nh_total_price_per_unit_new_house_transactions_pctchg1,7460227502.5
ponbr_price_pre_owned_house_transactions_nearby_sectors_pctchg12,7454449400.5
po_amount_pre_owned_house_transactions_diff12,7344178559.5
search_er_shou_fang_shi_chang_pc_all_diff12,7157980959.5
land_transaction_amount_roll3_max,7085069890.0
land_transaction_amount_diff1,6817662818.0
nh_period_new_house_sell_through_roll6_std,6678980446.5
po_num_pre_owned_house_transactions_diff12,6452285675.0
nhnbr_amount_new_house_transactions_nearby_sectors_ewm_alpha0.5,6435374982.0
search_fang_jia_tiao_kong_pc_all_pctchg12,5807028890.0
nh_period_new_house_sell_through_lag12,5757518410.5
search_xian_shou_yi_dong_all_pctchg12,5755288261.0
nhnbr_amount_new_house_transactions_nearby_sectors_roll6_min,5380654801.5
nh_area_new_house_available_for_sale_roll3_std,5283546103.0
search_fang_jia_tiao_kong_pc_all_diff1,5248152641.0
land_transaction_amount_lag1,5145328646.5
search_fang_di_chan_shui_yi_dong_all_diff3,5048756160.0
search_fang_jia_zou_shi_pc_all_lag1,4888749541.0
nhnbr_price_new_house_transactions_nearby_sectors_diff3,4788113373.5
nh_amount_new_house_transactions_lag6,4632941810.5
search_fang_wu_zhuang_xiu_pc_all_pctchg3,4625677011.0
nh_area_new_house_available_for_sale_pctchg1,4599073013.5
land_planned_building_area_roll3_max,4489942486.0
ponbr_price_pre_owned_house_transactions_nearby_sectors_roll6_std,4464997795.0
search_rong_zi_pc_all,4277440932.0
ponbr_amount_pre_owned_house_transactions_nearby_sectors_pctchg3,4219476371.0
search_peng_hu_qu_yi_dong_all,4170501911.5
search_rong_zi_yi_dong_all_lag1,4079757477.0
search_fang_jia_shang_zhang_yi_dong_all_diff1,3975145120.0
poi_pca_component_5,3921369136.0
ponbr_price_pre_owned_house_transactions_nearby_sectors_ewm_alpha0.5,3800792390.0
nhnbr_period_new_house_sell_through_nearby_sectors_pctchg3,3679456295.5
search_xue_qu_fang_yi_dong_all_lag1,3646455898.0
land_planned_building_area_ewm_alpha0.5,3621998680.5
nhnbr_area_per_unit_new_house_transactions_nearby_sectors_pctchg3,3528078821.0
search_an_zhi_yi_dong_all_pctchg3,3408362616.0
search_dai_kuan_li_lv_yi_dong_all_lag6,3403234736.0
search_fang_jia_yi_dong_all_lag1,3304741922.0
nh_area_per_unit_new_house_transactions_roll6_max,3271318907.5
nhnbr_amount_new_house_transactions_nearby_sectors_pctchg1,3268724585.0
search_qu_ku_cun_yi_dong_all_pctchg1,3268227559.5
nh_total_price_per_unit_new_house_transactions_roll3_std,3235765682.0
search_xian_gou_pc_all_diff1,3216328995.0
po_num_pre_owned_house_transactions_roll3_std,3212134257.0
ponbr_area_pre_owned_house_transactions_nearby_sectors_roll6_min,3184796809.5
search_fang_di_chan_kai_fa_yi_dong_all_pctchg1,3178126575.0
poi_pca_component_1,3157962001.0
nhnbr_amount_new_house_transactions_nearby_sectors_pctchg3,3092165841.5
nh_price_new_house_transactions_diff3,3066692744.5
nh_area_new_house_available_for_sale_diff3,3051895015.5
search_xian_gou_pc_all_pctchg12,3010273195.0
search_fang_di_chan_shui_yi_dong_all_lag3,2984222267.5
search_shui_fei_yi_dong_all,2966287270.0
search_fang_jia_zou_shi_yi_dong_all_lag6,2844960627.0
po_num_pre_owned_house_transactions_diff1,2828988060.5
search_xian_shou_pc_all_lag3,2808449874.5
nhnbr_amount_new_house_transactions_nearby_sectors_lag3,2774580750.0
search_fang_di_chan_shui_pc_all_diff1,2755452777.0
nhnbr_total_price_per_unit_new_house_transactions_nearby_sectors_roll6_std,2746138353.5
nh_area_per_unit_new_house_transactions_roll3_max,2743986825.0
nhnbr_area_new_house_available_for_sale_nearby_sectors_pctchg12,2722529537.0
search_fang_jia_zou_shi_pc_all_lag12,2704224925.5
search_qu_ku_cun_pc_all_pctchg1,2654061423.0
nh_period_new_house_sell_through_diff3,2623048514.0
land_transaction_amount,2594718763.0
nhnbr_amount_new_house_transactions_nearby_sectors_lag2,2567668257.0
search_gou_fang_pc_all_lag1,2550796290.0
nh_area_per_unit_new_house_transactions_ewm_alpha0.5,2549966574.0
search_peng_hu_qu_pc_all_lag2,2511098518.0
search_er_shou_fang_shi_chang_pc_all_lag3,2464204148.0
nhnbr_area_new_house_available_for_sale_nearby_sectors_ewm_alpha0.5,2439503168.5
search_gong_ji_jin_yi_dong_all_pctchg3,2428384110.0
search_dai_kuan_li_lv_pc_all_lag1,2382722519.0
search_er_shou_fang_shi_chang_yi_dong_all_diff1,2381407337.0
search_qu_ku_cun_yi_dong_all_lag1,2367796652.0
po_num_pre_owned_house_transactions_pctchg1,2361035605.0
search_gou_fang_yi_dong_all_lag3,2329334801.0
search_qu_ku_cun_yi_dong_all_diff1,2267073971.5
search_shui_fei_pc_all_diff3,2258125543.0
nh_area_new_house_transactions_lag6,2210952020.5
search_xian_shou_pc_all_diff12,2210442573.0
search_peng_hu_qu_gai_zao_yi_dong_all,2206364190.5
nh_area_per_unit_new_house_transactions_lag1,2189455157.5
search_rong_zi_pc_all_lag1,2163812431.0
search_fang_di_chan_kai_fa_yi_dong_all_lag1,2147553491.5
search_fang_di_chan_shui_pc_all_lag6,2132522539.5
nhnbr_area_per_unit_new_house_transactions_nearby_sectors_lag2,2088222770.5
search_dai_kuan_li_lv_pc_all,2086081764.0
search_qi_shui_yi_dong_all_pctchg1,2042152382.0
nh_area_new_house_available_for_sale_diff12,1983572832.5
po_num_pre_owned_house_transactions_ewm_alpha0.5,1948849672.5
po_num_pre_owned_house_transactions_lag12,1911848302.0
search_peng_hu_qu_gai_zao_yi_dong_all_pctchg1,1890177893.0
search_fang_jia_shang_zhang_yi_dong_all_diff12,1865917462.0
imputed_nh_po_amt_ratio,1865469845.0
nh_area_per_unit_new_house_transactions_roll3_std,1837263887.5
search_shou_fu_pc_all,1829857857.0
search_fang_di_chan_shui_yi_dong_all_pctchg3,1760480058.0
search_an_zhi_pc_all_lag1,1758922567.0
nhnbr_price_new_house_transactions_nearby_sectors_diff1,1758341404.0
ponbr_area_pre_owned_house_transactions_nearby_sectors_roll3_std,1731386701.5
search_fang_chan_shui_yi_dong_all_pctchg1,1726572724.0
ponbr_amount_pre_owned_house_transactions_nearby_sectors_diff1,1720367546.5
search_gou_fang_pc_all_pctchg1,1710526640.5
nhnbr_period_new_house_sell_through_nearby_sectors_pctchg1,1703614065.0
nh_area_per_unit_new_house_transactions_lag3,1702778986.0
search_fang_di_chan_kai_fa_pc_all_pctchg3,1698250590.0
po_amount_pre_owned_house_transactions_ewm_alpha0.5,1694880402.5
nhnbr_price_new_house_transactions_nearby_sectors_pctchg1,1689838325.0
search_shou_fu_yi_dong_all,1681269693.0
nhnbr_price_new_house_transactions_nearby_sectors_roll6_std,1661343265.5
search_fang_wu_zhuang_xiu_yi_dong_all_lag1,1659516266.0
nhnbr_total_price_per_unit_new_house_transactions_nearby_sectors_pctchg3,1655641244.5
search_fang_di_chan_kai_fa_yi_dong_all_pctchg12,1654790577.0
po_price_pre_owned_house_transactions_diff1,1642317370.5
nh_area_new_house_available_for_sale_diff1,1573672281.0
nhnbr_amount_new_house_transactions_nearby_sectors_diff12,1572804307.5
search_gou_fang_pc_all,1571824331.0
nh_area_per_unit_new_house_transactions_pctchg3,1568461568.0
po_amount_pre_owned_house_transactions_pctchg3,1547441551.5
search_rong_zi_yi_dong_all,1542324232.0
nh_price_new_house_transactions_pctchg12,1542229333.5
search_dai_kuan_li_lv_pc_all_pctchg3,1540463141.0
search_peng_hu_qu_gai_zao_yi_dong_all_pctchg12,1532268962.0
ponbr_price_pre_owned_house_transactions_nearby_sectors_pctchg1,1508340094.5
search_fang_di_chan_shui_pc_all_pctchg1,1490158811.5
land_transaction_amount_ewm_alpha0.5,1478552382.5
search_mai_fang_yi_dong_all_pctchg3,1463502739.0
nhnbr_area_new_house_available_for_sale_nearby_sectors_diff1,1455563420.5
search_gong_ji_jin_yi_dong_all_lag12,1444694716.5
nh_area_per_unit_new_house_transactions_lag2,1444258710.5
search_an_zhi_yi_dong_all_lag3,1415287262.0
search_xian_gou_pc_all,1404266793.0
search_fang_jia_xia_die_pc_all_lag6,1385125141.5
nh_total_price_per_unit_new_house_transactions_diff3,1379891351.5
land_planned_building_area_diff12,1348902446.5
ponbr_amount_pre_owned_house_transactions_nearby_sectors_ewm_alpha0.5,1338018503.0
search_li_lv_shang_diao_pc_all_lag2,1337877014.0
land_num_land_transactions_ewm_alpha0.5,1334414150.0
po_amount_pre_owned_house_transactions_lag6,1322770622.5
search_peng_hu_qu_pc_all_pctchg3,1320945800.0
search_fang_jia_yi_dong_all_lag12,1292766529.0
search_fang_wu_zhuang_xiu_pc_all_lag2,1289996465.5
ponbr_amount_pre_owned_house_transactions_nearby_sectors_lag12,1288077759.0
po_num_pre_owned_house_transactions_pctchg3,1283706442.5
search_fang_jia_shang_zhang_pc_all_lag2,1283522041.0
nhnbr_area_per_unit_new_house_transactions_nearby_sectors_lag1,1246724974.5
nh_area_new_house_available_for_sale_pctchg12,1245007232.5
po_num_pre_owned_house_transactions_diff3,1243829404.5
po_price_pre_owned_house_transactions_pctchg1,1238817833.5
nh_period_new_house_sell_through_pctchg12,1228426686.0
search_fang_jia_xia_die_pc_all_lag12,1223857586.0
search_qu_ku_cun_pc_all_diff3,1220011051.0
search_fang_di_chan_kai_fa_yi_dong_all_lag12,1200681036.0
search_qu_ku_cun_yi_dong_all_diff3,1194406022.0
macro_education_expenditure_10k_yoy_pctchg3,1191542240.0
ponbr_area_pre_owned_house_transactions_nearby_sectors_lag6,1187620346.5
poi_pca_component_3,1162348802.0
ponbr_amount_pre_owned_house_transactions_nearby_sectors_diff12,1157774587.0
search_an_zhi_yi_dong_all_lag12,1156524333.0
search_fang_jia_shang_zhang_pc_all_diff1,1149009647.5
nhnbr_amount_new_house_transactions_nearby_sectors_diff3,1125122121.5
landnbr_planned_building_area_nearby_sectors_roll6_max,1110744431.0
search_fang_jia_tiao_kong_pc_all_lag12,1110256792.0
search_shou_fu_yi_dong_all_lag3,1107491529.5
search_fang_jia_xia_die_yi_dong_all_diff1,1094685661.0
nhnbr_amount_new_house_transactions_nearby_sectors_diff1,1086721028.5
search_xian_shou_yi_dong_all_diff3,1075130003.0
nhnbr_price_new_house_transactions_nearby_sectors_pctchg3,1056641476.5
search_er_shou_fang_shi_chang_pc_all_lag2,1045601200.0
search_fang_jia_tiao_kong_pc_all_lag3,1041083757.0
nh_po_amt_ratio,1039080864.0
search_fang_di_chan_kai_fa_pc_all,1037612192.0
search_dai_kuan_li_lv_yi_dong_all_pctchg1,1011131740.0
search_peng_hu_qu_pc_all_pctchg12,1007238660.0
search_luo_hu_yi_dong_all_lag3,1006250622.0
ponbr_price_pre_owned_house_transactions_nearby_sectors_pctchg3,1003505377.0
search_peng_hu_qu_gai_zao_pc_all,995734325.0
po_price_pre_owned_house_transactions_pctchg3,980863418.0
nh_amount_new_house_transactions_pctchg12,980610205.5
search_fang_jia_zou_shi_pc_all_pctchg3,964441264.0
land_planned_building_area_roll6_max,964295842.5
search_fang_jia_tiao_kong_yi_dong_all_diff12,949883998.5
ponbr_area_pre_owned_house_transactions_nearby_sectors_ewm_alpha0.5,939581660.0
nh_area_per_unit_new_house_transactions_diff3,938317269.5
nh_area_per_unit_new_house_transactions_diff1,928580460.0
search_qu_ku_cun_pc_all,926484303.0
nh_total_price_per_unit_new_house_transactions_lag12,924764146.5
land_planned_building_area_diff1,921466083.0
search_fang_di_chan_shui_pc_all_pctchg12,911048091.5
search_fang_di_chan_shui_yi_dong_all_lag6,902235871.0
search_shou_fu_pc_all_lag1,895743348.5
nhnbr_period_new_house_sell_through_nearby_sectors_diff12,880125045.0
search_peng_hu_qu_gai_zao_yi_dong_all_lag12,872543306.0
search_xian_gou_pc_all_pctchg3,868293806.5
search_qu_xiao_xian_gou_yi_dong_all_diff1,864260798.0
search_li_lv_shang_diao_yi_dong_all_lag2,850759583.0
nhnbr_price_new_house_transactions_nearby_sectors_roll3_std,837627547.5
search_qu_ku_cun_pc_all_lag3,834848612.0
nh_area_new_house_transactions_lag12,827680443.0
search_shui_fei_yi_dong_all_lag6,826093395.0
search_er_shou_fang_shi_chang_pc_all_pctchg3,820581403.0
search_shui_fei_yi_dong_all_lag12,814825024.0
search_dai_kuan_li_lv_yi_dong_all_lag1,812318163.0
search_qu_xiao_xian_gou_pc_all_diff1,811300734.0
nhnbr_area_new_house_transactions_nearby_sectors_ewm_alpha0.5,801000120.5
macro_employed_population_yoy_lag6,800247488.0
search_qu_ku_cun_pc_all_lag12,794998439.5
land_transaction_amount_roll6_max,784091286.5
search_qu_xiao_xian_gou_yi_dong_all_diff3,781074145.5
search_xian_shou_pc_all_diff1,773976257.0
ponbr_area_pre_owned_house_transactions_nearby_sectors_roll6_std,767953205.0
search_fang_di_chan_kai_fa_pc_all_lag3,767135692.0
nhnbr_total_price_per_unit_new_house_transactions_nearby_sectors_diff12,762196684.0
search_xue_qu_fang_yi_dong_all_lag3,741439278.5
nhnbr_area_new_house_available_for_sale_nearby_sectors_diff3,734729131.5
search_peng_hu_qu_gai_zao_yi_dong_all_diff3,730439954.0
search_fang_dai_yi_dong_all_lag2,707732139.0
search_rong_zi_yi_dong_all_pctchg3,695705753.5
search_luo_hu_yi_dong_all_lag12,695597130.0
landnbr_num_land_transactions_nearby_sectors_pctchg12,689972480.0
nhnbr_period_new_house_sell_through_nearby_sectors_diff3,688835259.5
nhnbr_total_price_per_unit_new_house_transactions_nearby_sectors_roll3_std,684276187.5
search_gong_ji_jin_pc_all_lag3,680492614.0
search_dai_kuan_li_lv_pc_all_pctchg12,670872522.0
nhnbr_area_new_house_available_for_sale_nearby_sectors_pctchg1,668062397.0
search_xian_shou_yi_dong_all_lag3,665880000.0
po_price_pre_owned_house_transactions_roll3_std,664709529.0
nh_land_lead_ratio_lag3,659410170.5
po_amount_pre_owned_house_transactions_lag12,656185858.5
search_fang_jia_xia_die_yi_dong_all_lag6,652685667.0
nh_area_per_unit_new_house_transactions,651175341.0
search_xian_shou_pc_all_pctchg1,648173330.0
nh_area_per_unit_new_house_transactions_lag6,645399750.5
nhnbr_area_per_unit_new_house_transactions_nearby_sectors_roll3_std,638472235.5
search_rong_zi_yi_dong_all_lag12,628237693.0
nhnbr_period_new_house_sell_through_nearby_sectors_diff1,623037749.5
po_price_pre_owned_house_transactions_diff3,616759558.5
search_gong_ji_jin_yi_dong_all_lag2,616530329.0
search_li_lv_shang_diao_pc_all_pctchg1,616053645.0
search_mai_fang_yi_dong_all_diff1,614713331.0
search_peng_hu_qu_pc_all_pctchg1,604048831.0
search_fang_di_chan_shui_pc_all_lag12,603514558.0
landnbr_transaction_amount_nearby_sectors_ewm_alpha0.5,603169629.0
search_peng_hu_qu_gai_zao_yi_dong_all_lag2,598092721.0
poi_shop_per_capita,596517808.5
search_fang_jia_tiao_kong_yi_dong_all_pctchg3,596093072.5
nh_total_price_per_unit_new_house_transactions_roll6_std,576517921.5
po_price_pre_owned_house_transactions_diff12,576105384.5
search_qi_shui_yi_dong_all_lag1,573212480.0
po_amount_pre_owned_house_transactions_diff3,570641536.0
search_luo_hu_yi_dong_all_lag1,567708830.0
nhnbr_amount_new_house_transactions_nearby_sectors_roll3_std,560949647.5
nhnbr_area_per_unit_new_house_transactions_nearby_sectors_lag6,559304207.5
search_xian_gou_pc_all_pctchg1,555531311.0
landnbr_num_land_transactions_nearby_sectors_pctchg1,549374385.0
poi_pca_component_4,547573000.0
nhnbr_amount_new_house_transactions_nearby_sectors_pctchg12,545426213.0
search_an_zhi_yi_dong_all_lag1,544722521.0
search_er_shou_fang_shi_chang_yi_dong_all_pctchg3,541603915.5
search_qi_shui_pc_all_lag1,541561164.0
nh_area_per_unit_new_house_transactions_roll6_min,540292184.5
search_fang_wu_zhuang_xiu_pc_all_lag12,539443113.0
nhnbr_area_new_house_transactions_nearby_sectors_lag6,539054356.0
nhnbr_total_price_per_unit_new_house_transactions_nearby_sectors_ewm_alpha0.5,538358750.5
search_xue_qu_fang_yi_dong_all_pctchg3,532057449.0
nh_price_new_house_transactions_pctchg3,531899371.5
search_fang_jia_tiao_kong_pc_all_diff3,519604463.5
nh_area_per_unit_new_house_transactions_pctchg1,519360079.0
search_peng_hu_qu_pc_all_lag1,516427496.0
search_fang_jia_xia_die_yi_dong_all_diff12,511757574.5
landnbr_planned_building_area_nearby_sectors_pctchg12,507170323.0
search_gou_fang_yi_dong_all_lag6,506092808.5
search_qu_xiao_xian_gou_yi_dong_all_pctchg3,505528230.5
search_peng_hu_qu_yi_dong_all_diff1,501736267.0
nhnbr_period_new_house_sell_through_nearby_sectors_lag6,494571495.5
search_gou_fang_yi_dong_all_diff3,491952481.5
landnbr_num_land_transactions_nearby_sectors_ewm_alpha0.5,491000900.0
search_mai_fang_yi_dong_all_lag2,488694916.0
search_xian_gou_yi_dong_all_lag6,485508019.0
search_fang_dai_pc_all_lag3,483477604.0
search_fang_di_chan_shui_yi_dong_all_diff1,466962228.5
poi_catering_share,466188825.5
search_gou_fang_pc_all_lag6,465347593.5
search_fang_dai_yi_dong_all_pctchg1,457773442.0
ponbr_amount_pre_owned_house_transactions_nearby_sectors_roll6_std,455871808.5
search_qu_ku_cun_pc_all_pctchg12,454952077.5
landnbr_planned_building_area_nearby_sectors_lag3,449851929.0
ponbr_amount_pre_owned_house_transactions_nearby_sectors_pctchg12,444084196.0
search_fang_jia_tiao_kong_yi_dong_all_lag1,441079997.5
search_peng_hu_qu_yi_dong_all_lag6,439543814.0
search_fang_dai_pc_all_lag1,438451831.0
search_fang_dai_pc_all_pctchg3,433884971.0
search_li_lv_shang_diao_pc_all_pctchg3,433583794.0
nhnbr_area_new_house_available_for_sale_nearby_sectors_roll3_std,425558384.0
land_transaction_amount_lag6,422844767.0
search_gong_ji_jin_pc_all_pctchg12,421790274.0
search_fang_jia_yi_dong_all_lag2,420529696.0
search_er_shou_fang_shi_chang_yi_dong_all_pctchg1,414281856.0
nh_price_new_house_transactions_diff12,413766361.5
nhnbr_area_per_unit_new_house_transactions_nearby_sectors_lag3,408913296.5
ponbr_amount_pre_owned_house_transactions_nearby_sectors_pctchg1,403588980.5
search_fang_di_chan_kai_fa_pc_all_lag1,402615283.0
land_planned_building_area_diff3,401792153.5
search_fang_jia_tiao_kong_pc_all_pctchg3,397687993.0
search_an_zhi_pc_all_lag2,396865479.0
search_an_zhi_pc_all_lag12,387635112.0
search_gou_fang_pc_all_pctchg12,385741862.0
landnbr_transaction_amount_nearby_sectors_diff12,382672999.5
search_luo_hu_pc_all_diff1,380914526.0
nhnbr_area_per_unit_new_house_transactions_nearby_sectors_lag12,380233373.5
nh_total_price_per_unit_new_house_transactions_diff12,379209432.0
search_xian_gou_yi_dong_all_diff3,377896726.5
search_qu_xiao_xian_gou_pc_all_lag6,374177038.0
land_transaction_amount_diff3,374058725.0
search_xian_gou_yi_dong_all_lag2,373440144.0
search_gong_ji_jin_yi_dong_all_lag6,372420363.0
search_xian_shou_yi_dong_all_pctchg3,369229370.5
nh_area_per_unit_new_house_transactions_roll3_min,369140513.5
search_peng_hu_qu_yi_dong_all_pctchg12,367202223.5
search_fang_wu_zhuang_xiu_pc_all,363907989.0
search_shou_fu_yi_dong_all_lag6,362439293.5
nh_total_price_per_unit_new_house_transactions_pctchg12,361215411.5
search_xue_qu_fang_pc_all_pctchg1,359830379.0
search_qu_ku_cun_pc_all_pctchg3,359443316.0
search_peng_hu_qu_gai_zao_pc_all_lag12,357849061.0
nhnbr_area_new_house_available_for_sale_nearby_sectors_pctchg3,356790758.0
search_rong_zi_yi_dong_all_pctchg1,355850960.0
ponbr_area_pre_owned_house_transactions_nearby_sectors_diff12,354486417.0
nhnbr_total_price_per_unit_new_house_transactions_nearby_sectors_diff3,352325296.0
search_mai_fang_pc_all_lag1,349628754.0
land_transaction_amount_pctchg3,348550500.0
search_an_zhi_pc_all_pctchg3,348516641.0
po_amount_pre_owned_house_transactions_pctchg1,347826180.0
search_mai_fang_yi_dong_all_lag12,343474446.5
search_fang_jia_shang_zhang_pc_all_pctchg1,342758973.5
search_fang_wu_zhuang_xiu_pc_all_lag3,338457504.5
search_xian_gou_yi_dong_all_lag1,338260953.0
search_shui_fei_yi_dong_all_pctchg12,336987475.0
search_qu_ku_cun_yi_dong_all,335107431.5
search_peng_hu_qu_gai_zao_yi_dong_all_diff1,329532255.0
search_xian_gou_pc_all_lag3,329422186.0
search_fang_wu_zhuang_xiu_pc_all_lag6,329378698.0
nhnbr_area_per_unit_new_house_transactions_nearby_sectors_ewm_alpha0.5,328296006.5
nh_area_per_unit_new_house_transactions_diff12,322622002.0
nhnbr_period_new_house_sell_through_nearby_sectors_ewm_alpha0.5,322426002.0
search_fang_di_chan_kai_fa_pc_all_diff1,321974037.0
search_fang_di_chan_kai_fa_pc_all_lag12,320831272.0
nhnbr_period_new_house_sell_through_nearby_sectors_roll6_std,320531433.0
search_gou_fang_pc_all_lag2,320439130.5
nhnbr_area_per_unit_new_house_transactions_nearby_sectors_pctchg1,318182359.0
search_xue_qu_fang_yi_dong_all_lag12,317563565.0
landnbr_num_land_transactions_nearby_sectors_roll6_max,314996111.5
search_shui_fei_yi_dong_all_lag1,314395796.0
landnbr_transaction_amount_nearby_sectors_pctchg1,311834638.0
po_price_pre_owned_house_transactions_roll6_std,307665755.5
search_xian_shou_yi_dong_all_lag2,306657504.0
search_xian_gou_yi_dong_all_pctchg1,303360894.5
search_fang_dai_pc_all_lag6,301553208.0
search_fang_jia_pc_all_lag2,300148131.5
search_fang_di_chan_shui_pc_all_pctchg3,300084013.5
search_fang_jia_zou_shi_yi_dong_all_lag1,299052762.0
search_fang_jia_shang_zhang_pc_all_lag1,297860949.0
search_qu_xiao_xian_gou_pc_all_lag1,295991018.5
search_xian_shou_yi_dong_all_diff1,295624618.0
search_peng_hu_qu_yi_dong_all_lag12,293496563.5
nh_period_new_house_sell_through_diff12,291580052.0
search_fang_wu_zhuang_xiu_yi_dong_all_lag3,290262318.0
po_amount_pre_owned_house_transactions_pctchg12,289990136.5
nhnbr_amount_new_house_transactions_nearby_sectors_lag6,287872419.0
po_num_pre_owned_house_transactions_pctchg12,287505614.0
search_shui_fei_pc_all_lag3,285609304.0
landnbr_transaction_amount_nearby_sectors_roll6_max,282651672.5
macro_urban_consumer_price_index_previous_year_100_yoy_diff12,280187488.0
search_shui_fei_yi_dong_all_pctchg3,280053222.5
search_fang_di_chan_kai_fa_pc_all_lag6,276544246.0
nhnbr_area_new_house_available_for_sale_nearby_sectors_roll6_std,276432985.5
search_gong_ji_jin_pc_all_lag2,273558875.5
nhnbr_period_new_house_sell_through_nearby_sectors_roll3_std,271801615.0
search_xian_shou_pc_all_lag6,270648011.5
search_peng_hu_qu_yi_dong_all_pctchg1,268310923.0
search_fang_jia_zou_shi_yi_dong_all_lag12,267611025.0
search_peng_hu_qu_pc_all,266393877.0
search_gong_ji_jin_yi_dong_all_lag1,265515579.0
search_xian_gou_yi_dong_all_lag3,261691294.0
search_fang_dai_pc_all_lag2,261598258.5
search_qi_shui_yi_dong_all_pctchg3,261550124.0
search_gong_ji_jin_pc_all,260994713.5
search_fang_jia_xia_die_yi_dong_all_lag1,260854118.5
search_mai_fang_yi_dong_all_pctchg1,259774992.0
search_shou_fu_pc_all_pctchg1,257425646.0
search_fang_jia_yi_dong_all_lag6,257346866.0
search_luo_hu_yi_dong_all_pctchg1,255715008.0
search_qu_ku_cun_yi_dong_all_lag12,254817779.5
search_gou_fang_pc_all_pctchg3,253444784.0
search_an_zhi_yi_dong_all_lag6,250673636.0
search_fang_jia_shang_zhang_pc_all_lag12,250648159.5
search_dai_kuan_li_lv_yi_dong_all_pctchg3,250273803.0
search_luo_hu_yi_dong_all_pctchg3,249600396.5
nhnbr_area_per_unit_new_house_transactions_nearby_sectors_roll6_min,245482675.0
nh_total_price_per_unit_new_house_transactions_pctchg3,244897363.0
search_qi_shui_pc_all_lag2,243597076.0
search_shou_fu_yi_dong_all_lag1,241519260.5
search_peng_hu_qu_yi_dong_all_lag1,239469829.0
nhnbr_period_new_house_sell_through_nearby_sectors_pctchg12,237621247.5
search_fang_dai_pc_all_lag12,237207161.0
search_rong_zi_pc_all_lag3,237185829.0
search_fang_jia_tiao_kong_pc_all_lag2,236858096.0
po_amount_pre_owned_house_transactions_roll3_std,236595542.5
search_shou_fu_pc_all_pctchg12,236075363.5
search_fang_di_chan_shui_yi_dong_all_pctchg1,235806489.0
search_gong_ji_jin_yi_dong_all_pctchg1,234866032.0
search_fang_jia_tiao_kong_yi_dong_all_pctchg1,233841457.0
search_qi_shui_yi_dong_all_lag2,231384581.5
nhnbr_total_price_per_unit_new_house_transactions_nearby_sectors_pctchg12,230981950.5
search_fang_jia_shang_zhang_yi_dong_all_pctchg1,230558030.0
landnbr_transaction_amount_nearby_sectors_roll3_max,228126685.0
search_dai_kuan_li_lv_yi_dong_all_lag12,225994248.0
search_gong_ji_jin_pc_all_pctchg3,222895654.0
search_shou_fu_pc_all_lag2,221033704.0
ponbr_amount_pre_owned_house_transactions_nearby_sectors_lag6,218951527.0
search_fang_wu_zhuang_xiu_yi_dong_all_lag6,213055155.0
search_qu_xiao_xian_gou_pc_all_pctchg1,212923552.0
landnbr_num_land_transactions_nearby_sectors_lag12,208108992.0
search_fang_jia_yi_dong_all_pctchg1,208012512.0
search_gou_fang_yi_dong_all_lag2,207749731.0
search_fang_wu_zhuang_xiu_yi_dong_all_pctchg3,207707884.0
search_fang_jia_shang_zhang_yi_dong_all_lag12,207643500.0
search_fang_jia_xia_die_yi_dong_all_lag2,206091398.5
search_peng_hu_qu_gai_zao_pc_all_lag6,204999793.0
search_qu_ku_cun_pc_all_lag1,204292550.0
search_xue_qu_fang_pc_all_pctchg3,203726752.0
search_peng_hu_qu_yi_dong_all_diff3,202702544.5
search_qu_xiao_xian_gou_yi_dong_all_pctchg1,202296858.5
search_qu_xiao_xian_gou_yi_dong_all_lag2,201784102.0
search_xian_shou_pc_all_lag12,201022704.0
land_transaction_amount_lag2,199000817.0
search_qu_xiao_xian_gou_pc_all_lag3,197660843.0
po_area_pre_owned_house_transactions_pctchg12,197492623.0
search_fang_di_chan_kai_fa_yi_dong_all_pctchg3,195098877.0
landnbr_num_land_transactions_nearby_sectors_roll3_max,194191127.0
search_fang_jia_zou_shi_pc_all_lag6,193564901.0
nhnbr_area_per_unit_new_house_transactions_nearby_sectors_pctchg12,192863133.5
search_gong_ji_jin_pc_all_lag12,192857102.0
search_li_lv_shang_diao_pc_all_pctchg12,192049108.0
ponbr_amount_pre_owned_house_transactions_nearby_sectors_roll6_min,190329947.0
nhnbr_price_new_house_transactions_nearby_sectors_diff12,190267890.5
landnbr_transaction_amount_nearby_sectors_lag6,189120241.5
search_xian_shou_pc_all_diff3,188023973.0
search_an_zhi_yi_dong_all_lag2,187464125.0
search_fang_chan_shui_pc_all_pctchg3,186845338.0
nhnbr_period_new_house_sell_through_nearby_sectors_lag12,185966415.0
search_peng_hu_qu_gai_zao_yi_dong_all_lag6,185492683.5
search_rong_zi_yi_dong_all_lag3,184111112.0
nhnbr_total_price_per_unit_new_house_transactions_nearby_sectors_diff1,183781035.0
search_shui_fei_yi_dong_all_diff12,183528048.0
search_luo_hu_yi_dong_all_lag6,181722520.5
search_peng_hu_qu_gai_zao_pc_all_lag2,181218472.0
search_peng_hu_qu_yi_dong_all_pctchg3,180523110.0
ponbr_area_pre_owned_house_transactions_nearby_sectors_diff1,179787527.5
search_er_shou_fang_shi_chang_yi_dong_all_lag12,179777029.0
search_an_zhi_yi_dong_all_pctchg12,178541906.0
search_xue_qu_fang_yi_dong_all_lag2,176867926.0
search_xian_shou_pc_all,171768132.5
search_shou_fu_pc_all_lag3,170121071.0
search_er_shou_fang_shi_chang_pc_all_diff3,168813484.5
search_fang_jia_shang_zhang_yi_dong_all_lag6,168464398.0
search_fang_jia_tiao_kong_pc_all_lag6,166299463.0
search_an_zhi_pc_all_diff1,166049316.5
search_shui_fei_yi_dong_all_lag3,165089679.0
search_mai_fang_yi_dong_all_pctchg12,164516047.0
search_xian_shou_yi_dong_all_lag6,161944020.5
search_shui_fei_pc_all_pctchg3,161228450.0
search_fang_jia_shang_zhang_yi_dong_all_pctchg3,160946003.0
search_xian_shou_yi_dong_all_lag1,159598223.0
nhnbr_area_per_unit_new_house_transactions_nearby_sectors_roll6_max,158866775.0
nhnbr_total_price_per_unit_new_house_transactions_nearby_sectors_pctchg1,158384843.5
land_planned_building_area_lag2,157001098.0
search_peng_hu_qu_gai_zao_pc_all_pctchg1,156671209.5
search_fang_jia_shang_zhang_pc_all_lag6,156377099.5
search_xian_shou_pc_all_pctchg3,155870792.0
search_fang_di_chan_kai_fa_pc_all_diff3,155735273.5
nhnbr_price_new_house_transactions_nearby_sectors_pctchg12,155603910.0
search_fang_wu_zhuang_xiu_yi_dong_all_pctchg1,154635744.0
search_fang_jia_yi_dong_all_pctchg3,152634054.5
search_fang_jia_tiao_kong_yi_dong_all_lag6,151491848.0
search_fang_di_chan_kai_fa_yi_dong_all,151248627.0
search_fang_jia_pc_all,151240546.0
search_mai_fang_yi_dong_all_diff3,149724801.0
search_qi_shui_yi_dong_all_lag6,149610938.5
search_rong_zi_pc_all_lag2,148810517.0
nhnbr_area_new_house_transactions_nearby_sectors_roll3_std,148385195.0
macro_primary_industry_percent_yoy_lag1,148096000.0
search_luo_hu_pc_all_lag12,148006600.5
search_xian_gou_yi_dong_all_pctchg3,147603705.5
search_li_lv_shang_diao_pc_all_diff12,146382673.0
landnbr_transaction_amount_nearby_sectors_diff1,146057940.5
search_xian_gou_pc_all_lag1,145815243.0
search_fang_jia_xia_die_pc_all_pctchg3,145717364.0
landnbr_planned_building_area_nearby_sectors_roll3_min,144389422.0
search_fang_dai_yi_dong_all_lag12,141784485.5
search_er_shou_fang_shi_chang_pc_all_lag6,140260408.0
search_li_lv_shang_diao_pc_all_lag6,139401727.5
search_qu_ku_cun_yi_dong_all_lag3,139342099.5
search_fang_jia_tiao_kong_yi_dong_all_pctchg12,137766752.0
search_dai_kuan_li_lv_pc_all_lag2,137498985.5
search_mai_fang_pc_all_lag6,136811936.5
search_mai_fang_yi_dong_all_lag1,135201947.0
search_qu_ku_cun_yi_dong_all_lag6,134988770.0
land_transaction_amount_pctchg1,134787002.0
landnbr_transaction_amount_nearby_sectors_lag1,131401398.0
search_fang_di_chan_kai_fa_yi_dong_all_lag6,129322104.0
search_fang_jia_yi_dong_all_pctchg12,128055025.0
ponbr_amount_pre_owned_house_transactions_nearby_sectors_diff3,127014802.5
search_fang_jia_pc_all_lag6,126065825.0
search_fang_jia_xia_die_pc_all,124321016.5
search_fang_jia_tiao_kong_pc_all_pctchg1,121950032.0
search_fang_jia_shang_zhang_yi_dong_all_diff3,120173826.0
po_price_pre_owned_house_transactions_pctchg12,117769791.5
search_mai_fang_pc_all,117565752.0
macro_18_60_years_percent_yoy_lag3,117517248.0
search_peng_hu_qu_gai_zao_pc_all_diff3,117499803.0
search_fang_jia_xia_die_yi_dong_all_lag3,117418452.5
macro_gdp_population_ratio_yoy_lag3,116813848.0
search_fang_jia_zou_shi_yi_dong_all_diff3,116304197.0
landnbr_planned_building_area_nearby_sectors_ewm_alpha0.5,116280415.0
search_rong_zi_pc_all_lag6,114635246.0
search_li_lv_shang_diao_pc_all_diff1,114222325.0
nhnbr_area_new_house_available_for_sale_nearby_sectors_diff12,114054350.0
landnbr_planned_building_area_nearby_sectors_roll3_max,113481702.0
nh_area_per_unit_new_house_transactions_lag12,113151467.5
search_qu_ku_cun_yi_dong_all_pctchg3,112939427.0
search_fang_jia_xia_die_pc_all_lag1,112102792.5
search_shui_fei_pc_all_lag6,110317315.0
search_luo_hu_pc_all_pctchg3,109160067.5
nh_area_per_unit_new_house_transactions_pctchg12,108079187.5
search_rong_zi_pc_all_pctchg1,106361098.0
search_peng_hu_qu_gai_zao_yi_dong_all_diff12,103627429.5
search_rong_zi_yi_dong_all_pctchg12,103588023.0
search_fang_di_chan_shui_yi_dong_all_lag2,103436750.0
search_dai_kuan_li_lv_pc_all_lag6,102837030.0
search_fang_jia_pc_all_pctchg3,101177428.0
land_planned_building_area_lag12,100947650.5
search_fang_jia_shang_zhang_yi_dong_all_lag1,100908076.0
search_qi_shui_pc_all_diff12,100735075.0
search_fang_jia_xia_die_pc_all_lag2,99888990.0
month_cos,99349227.0
search_li_lv_shang_diao_pc_all_diff3,98558307.0
search_er_shou_fang_shi_chang_yi_dong_all_lag6,97949370.0
search_fang_dai_yi_dong_all_lag3,96624226.0
search_qu_ku_cun_yi_dong_all_lag2,95236377.5
search_fang_di_chan_shui_yi_dong_all_lag12,95036459.5
poi_pca_component_2,94915172.5
search_fang_di_chan_shui_yi_dong_all_lag1,94914399.5
search_luo_hu_yi_dong_all,94855752.0
search_qi_shui_pc_all_lag6,94655798.0
search_fang_jia_zou_shi_pc_all_lag2,94533167.5
macro_education_expenditure_10k_yoy_diff3,94325748.0
land_planned_building_area_lag3,94027000.0
landnbr_planned_building_area_nearby_sectors_diff1,93422066.0
land_planned_building_area_lag1,93309364.0
search_qu_xiao_xian_gou_pc_all_lag2,92189652.0
search_dai_kuan_li_lv_pc_all_lag3,88842577.0
search_fang_di_chan_kai_fa_yi_dong_all_lag2,87990595.0
search_mai_fang_yi_dong_all_lag3,86563150.0
search_luo_hu_pc_all_lag2,86020280.0
search_shou_fu_pc_all_lag6,84642800.0
search_xian_shou_yi_dong_all_pctchg1,83126478.0
search_gong_ji_jin_pc_all_lag1,83120202.0
search_qu_xiao_xian_gou_yi_dong_all_pctchg12,82631727.0
search_fang_jia_shang_zhang_yi_dong_all_pctchg12,81617529.0
search_an_zhi_pc_all_pctchg12,81605847.5
search_qu_ku_cun_pc_all_lag6,81259127.0
land_transaction_amount_diff12,79838577.5
landnbr_transaction_amount_nearby_sectors_lag2,79280110.5
search_gong_ji_jin_yi_dong_all_lag3,77031262.5
search_an_zhi_pc_all_pctchg1,76284425.5
search_fang_jia_tiao_kong_pc_all_diff12,76076140.0
search_er_shou_fang_shi_chang_pc_all_lag12,75828990.0
landnbr_planned_building_area_nearby_sectors,75482135.0
search_fang_jia_tiao_kong_pc_all_lag1,75447175.0
search_fang_jia_zou_shi_pc_all_pctchg12,75010827.0
search_fang_jia_xia_die_yi_dong_all_pctchg12,74618948.0
search_peng_hu_qu_gai_zao_yi_dong_all_pctchg3,74275852.5
search_fang_di_chan_shui_yi_dong_all_pctchg12,73965777.0
search_shou_fu_pc_all_lag12,72277925.0
landnbr_num_land_transactions_nearby_sectors_lag2,71477410.0
search_fang_jia_pc_all_lag1,71176425.0
search_fang_dai_yi_dong_all_pctchg12,70782025.0
landnbr_num_land_transactions_nearby_sectors_lag1,70284674.5
search_xian_gou_yi_dong_all_diff1,69535920.0
search_fang_jia_zou_shi_yi_dong_all_diff12,69525119.5
landnbr_planned_building_area_nearby_sectors_lag6,69082200.0
search_gou_fang_yi_dong_all_pctchg3,67345152.5
search_an_zhi_pc_all_lag3,66726267.0
search_gou_fang_pc_all_lag12,66223165.5
search_gou_fang_yi_dong_all_lag1,66207896.0
search_fang_jia_zou_shi_pc_all_pctchg1,64036223.0
search_xian_gou_yi_dong_all_diff12,63136227.5
search_li_lv_shang_diao_yi_dong_all_diff12,63048100.0
search_shui_fei_pc_all_lag1,62003450.0
search_xian_shou_yi_dong_all_diff12,60278299.0
search_li_lv_shang_diao_yi_dong_all_lag3,60058250.0
search_fang_di_chan_kai_fa_yi_dong_all_diff3,60034261.5
search_qu_xiao_xian_gou_pc_all_pctchg3,59491050.0
search_luo_hu_pc_all_pctchg12,59275975.0
search_qi_shui_yi_dong_all,58437152.5
search_xue_qu_fang_yi_dong_all_pctchg1,58365175.0
search_gou_fang_pc_all_lag3,58011100.0
landnbr_num_land_transactions_nearby_sectors_diff1,56564797.5
search_fang_jia_xia_die_yi_dong_all_lag12,55512925.0
land_transaction_amount_lag12,54940206.5
search_fang_jia_shang_zhang_pc_all,54633127.0
landnbr_transaction_amount_nearby_sectors,54262677.5
search_shou_fu_pc_all_pctchg3,53792949.0
search_fang_jia_zou_shi_yi_dong_all_lag2,52679473.0
search_fang_jia_shang_zhang_pc_all_lag3,51372553.0
search_xian_gou_pc_all_lag12,51117825.0
poi_cluster_id,50971825.0
search_fang_jia_shang_zhang_pc_all_pctchg3,49845793.0
search_er_shou_fang_shi_chang_yi_dong_all_pctchg12,49353596.0
search_shou_fu_yi_dong_all_lag2,49330248.0
search_qu_xiao_xian_gou_yi_dong_all_lag3,49075002.0
search_peng_hu_qu_gai_zao_pc_all_diff1,48653800.0
search_fang_jia_shang_zhang_pc_all_diff3,48454875.0
search_fang_jia_xia_die_yi_dong_all_pctchg3,48333142.5
month_sin,47521248.0
search_fang_jia_zou_shi_yi_dong_all_pctchg3,46811374.0
search_dai_kuan_li_lv_pc_all_lag12,46754405.0
search_peng_hu_qu_yi_dong_all_lag3,46333392.5
search_fang_jia_xia_die_pc_all_pctchg1,46046480.0
search_fang_jia_pc_all_lag12,45883800.0
search_fang_jia_xia_die_pc_all_lag3,45866687.5
search_fang_jia_tiao_kong_yi_dong_all_lag12,45796352.0
search_qu_ku_cun_yi_dong_all_diff12,45760345.0
search_gong_ji_jin_yi_dong_all_pctchg12,45728385.0
search_qi_shui_pc_all_diff3,44982859.0
search_shou_fu_yi_dong_all_pctchg1,44675117.0
search_shui_fei_yi_dong_all_lag2,43424730.0
search_er_shou_fang_shi_chang_pc_all_pctchg1,42829515.0
search_xian_shou_pc_all_pctchg12,42712970.0
search_xian_gou_pc_all_diff3,42460224.0
search_mai_fang_pc_all_pctchg12,41873195.0
search_luo_hu_yi_dong_all_lag2,41367222.5
search_li_lv_shang_diao_pc_all_lag3,41142775.0
search_fang_jia_xia_die_pc_all_pctchg12,40705649.0
search_fang_di_chan_kai_fa_yi_dong_all_lag3,40391527.5
search_fang_jia_xia_die_yi_dong_all_pctchg1,39339500.0
search_peng_hu_qu_gai_zao_pc_all_lag3,39254376.0
search_luo_hu_yi_dong_all_pctchg12,39184237.5
search_mai_fang_pc_all_pctchg1,38632315.0
search_fang_jia_tiao_kong_yi_dong_all_lag2,37663748.0
search_gou_fang_yi_dong_all_diff1,37373412.5
search_li_lv_shang_diao_pc_all,37141700.0
search_peng_hu_qu_gai_zao_pc_all_lag1,37070400.0
search_fang_jia_shang_zhang_yi_dong_all_lag2,37041350.0
landnbr_transaction_amount_nearby_sectors_diff3,36918790.0
search_luo_hu_pc_all_lag3,36005830.0
search_peng_hu_qu_pc_all_lag12,35434451.0
search_fang_di_chan_kai_fa_pc_all_lag2,35098725.0
search_luo_hu_pc_all_pctchg1,35097350.0
search_xian_shou_pc_all_lag2,33873248.5
search_fang_dai_yi_dong_all_lag6,33809899.0
search_xian_gou_yi_dong_all_lag12,33625810.0
search_xian_shou_pc_all_lag1,33194725.0
search_mai_fang_pc_all_pctchg3,32755660.0
landnbr_planned_building_area_nearby_sectors_diff3,32444625.0
search_qu_xiao_xian_gou_yi_dong_all_lag6,32111332.5
search_fang_jia_tiao_kong_pc_all,31996000.0
search_fang_jia_zou_shi_yi_dong_all,31279975.0
search_fang_dai_yi_dong_all,31097500.0
search_dai_kuan_li_lv_yi_dong_all,30885550.0
search_rong_zi_yi_dong_all_lag6,30407307.5
search_shui_fei_pc_all_diff12,30384549.0
landnbr_transaction_amount_nearby_sectors_pctchg3,30313582.5
search_an_zhi_pc_all_lag6,30294245.0
search_an_zhi_pc_all,29844261.0
search_mai_fang_pc_all_lag2,29535999.0
search_er_shou_fang_shi_chang_yi_dong_all_diff3,28828275.0
search_an_zhi_yi_dong_all_pctchg1,27833105.0
search_fang_di_chan_kai_fa_pc_all_pctchg1,27760195.0
landnbr_construction_area_nearby_sectors_pctchg3,27721600.0
landnbr_transaction_amount_nearby_sectors_roll3_min,27390280.0
search_qu_xiao_xian_gou_yi_dong_all_lag1,26854875.0
missing_poi_education_training_school_education_research_institution_dense,26379197.5
search_fang_jia_shang_zhang_yi_dong_all_lag3,26257517.5
search_fang_di_chan_kai_fa_yi_dong_all_diff1,25646630.0
search_qi_shui_yi_dong_all_lag12,25617900.0
search_xian_shou_yi_dong_all_lag12,25238500.0
search_xian_gou_yi_dong_all,24832340.0
search_fang_jia_zou_shi_yi_dong_all_diff1,24754625.0
search_fang_jia_shang_zhang_yi_dong_all,24656525.0
search_shou_fu_yi_dong_all_lag12,24529105.0
search_an_zhi_yi_dong_all_diff1,24212699.0
search_fang_jia_shang_zhang_pc_all_pctchg12,24189200.0
search_luo_hu_pc_all_lag1,23588400.0
search_peng_hu_qu_pc_all_lag6,23294277.5
search_fang_jia_pc_all_lag3,22784175.0
search_fang_wu_zhuang_xiu_pc_all_pctchg12,22390575.0
search_peng_hu_qu_gai_zao_yi_dong_all_lag1,22381655.0
search_dai_kuan_li_lv_yi_dong_all_lag3,22353515.0
landnbr_planned_building_area_nearby_sectors_diff12,21640227.5
search_dai_kuan_li_lv_yi_dong_all_lag2,21337117.5
search_xue_qu_fang_yi_dong_all_pctchg12,20940392.5
search_qu_ku_cun_yi_dong_all_pctchg12,20820575.0
macro_over_60_years_percent_yoy_lag3,20609150.0
search_qu_xiao_xian_gou_pc_all_lag12,20556616.0
search_an_zhi_yi_dong_all,20047310.0
search_rong_zi_pc_all_lag12,19643350.0
landnbr_transaction_amount_nearby_sectors_lag3,19415547.5
search_fang_dai_pc_all_pctchg12,18970200.0
search_fang_dai_yi_dong_all_pctchg3,18963750.0
search_mai_fang_pc_all_lag3,18940900.0
search_peng_hu_qu_pc_all_lag3,18370625.0
search_rong_zi_pc_all_pctchg12,18153682.5
landnbr_planned_building_area_nearby_sectors_lag2,17906850.0
search_xue_qu_fang_pc_all_pctchg12,17784825.0
search_qi_shui_yi_dong_all_pctchg12,17590925.0
search_fang_wu_zhuang_xiu_yi_dong_all,17557280.0
search_fang_di_chan_shui_yi_dong_all_diff12,17529790.0
search_qi_shui_yi_dong_all_lag3,17298500.0
search_peng_hu_qu_yi_dong_all_lag2,17218800.0
search_gong_ji_jin_pc_all_lag6,17189325.0
search_dai_kuan_li_lv_yi_dong_all_pctchg12,16606275.0
search_fang_wu_zhuang_xiu_pc_all_pctchg1,16400067.5
macro_primary_industry_percent_yoy_lag6,16363025.0
search_shui_fei_pc_all_lag2,16296210.0
landnbr_transaction_amount_nearby_sectors_lag12,15961297.5
is_may_day,15622300.0
search_er_shou_fang_shi_chang_yi_dong_all_lag3,15479425.0
search_mai_fang_pc_all_lag12,14377070.0
search_gong_ji_jin_yi_dong_all,14048725.0
search_shui_fei_yi_dong_all_diff1,14031575.0
landnbr_planned_building_area_nearby_sectors_lag1,13381452.5
search_li_lv_shang_diao_yi_dong_all_diff3,13379100.0
search_fang_di_chan_kai_fa_pc_all_pctchg12,13374815.0
search_fang_jia_shang_zhang_pc_all_diff12,12801145.0
search_peng_hu_qu_gai_zao_pc_all_diff12,12730210.0
search_xian_gou_yi_dong_all_pctchg12,12632630.0
search_er_shou_fang_shi_chang_pc_all_lag1,12424000.0
search_er_shou_fang_shi_chang_pc_all,12238082.5
search_er_shou_fang_shi_chang_pc_all_pctchg12,12000962.5
search_shui_fei_pc_all_pctchg1,11874072.5
search_fang_jia_zou_shi_pc_all,11866950.0
search_li_lv_shang_diao_yi_dong_all_lag1,11562930.0
search_li_lv_shang_diao_pc_all_lag1,11448995.0
macro_gdp_population_ratio_yoy_lag1,11203375.0
search_fang_jia_zou_shi_pc_all_lag3,11153670.0
search_qu_xiao_xian_gou_yi_dong_all,10964200.0
search_shui_fei_pc_all_pctchg12,10570650.0
landnbr_construction_area_nearby_sectors_pctchg1,10450175.0
quarter,10434625.0
search_mai_fang_yi_dong_all_lag6,10388605.0
search_qu_ku_cun_pc_all_lag2,10377125.0
search_shou_fu_yi_dong_all_pctchg3,10043832.5
search_li_lv_shang_diao_yi_dong_all_lag6,9958425.0
search_fang_jia_tiao_kong_yi_dong_all_lag3,9641165.0
search_luo_hu_pc_all,9058010.0
land_transaction_amount_lag3,8942287.5
search_gou_fang_yi_dong_all_pctchg1,8512000.0
search_xian_gou_pc_all_lag6,8479475.0
search_gou_fang_yi_dong_all_pctchg12,8283135.0
search_fang_jia_tiao_kong_yi_dong_all_diff3,8219800.0
land_num_land_transactions_diff3,8182300.0
search_fang_jia_zou_shi_yi_dong_all_lag3,8114197.5
search_fang_wu_zhuang_xiu_yi_dong_all_lag12,7349200.0
search_qi_shui_pc_all_lag12,7339132.5
search_fang_dai_pc_all,6882557.5
landnbr_num_land_transactions_nearby_sectors_lag3,6856400.0
search_xian_gou_pc_all_lag2,6744625.0
land_planned_building_area_lag6,6679755.0
search_qi_shui_pc_all_lag3,6595667.5
land_num_land_transactions_diff1,6460575.0
macro_employed_population_interp_lag3,5999325.0
search_qu_xiao_xian_gou_yi_dong_all_diff12,5806922.5
land_num_land_transactions_diff12,5418585.0
landnbr_num_land_transactions_nearby_sectors_pctchg3,5341875.0
landnbr_num_land_transactions_nearby_sectors_diff3,5304140.0
landnbr_num_land_transactions_nearby_sectors_lag6,5029670.0
macro_urban_consumer_price_index_previous_year_100_yoy_lag2,4932175.0
macro_primary_industry_percent_yoy_lag3,4920425.0
search_rong_zi_pc_all_pctchg3,4695020.0
search_shui_fei_yi_dong_all_pctchg1,4555950.0
landnbr_construction_area_nearby_sectors_pctchg12,4360982.5
is_golden_week,4211350.0
search_qu_xiao_xian_gou_pc_all_diff12,4133000.0
macro_white_collar_service_vs_blue_collar_manufacturing_ratio_interp_lag3,4113600.0
land_transaction_amount_pctchg12,3926200.0
macro_total_fixed_assets_10k_yoy_pctchg3,3882050.0
search_fang_jia_tiao_kong_yi_dong_all_diff1,3821275.0
search_fang_jia_zou_shi_yi_dong_all_pctchg1,3438675.0
landnbr_transaction_amount_nearby_sectors_pctchg12,3280475.0
search_rong_zi_yi_dong_all_lag2,3229600.0
macro_over_60_years_percent_yoy_lag2,3105200.0
macro_gdp_population_ratio_yoy_lag6,2869425.0
search_peng_hu_qu_gai_zao_yi_dong_all_lag3,2645300.0
search_luo_hu_pc_all_lag6,2397917.5
search_fang_jia_zou_shi_yi_dong_all_pctchg12,2248237.5
landnbr_num_land_transactions_nearby_sectors_diff12,2220230.0
search_shui_fei_pc_all_lag12,2163460.0
search_gou_fang_yi_dong_all,2151015.0
search_fang_dai_yi_dong_all_lag1,1614377.5
search_fang_wu_zhuang_xiu_yi_dong_all_pctchg12,1416902.5
search_fang_jia_xia_die_yi_dong_all,1241665.0
search_li_lv_shang_diao_yi_dong_all_diff1,1185465.0
macro_total_fixed_assets_10k_diff12,0.0
macro_total_fixed_assets_10k_pctchg12,0.0
macro_main_business_taxes_and_surcharges_10k_diff12,0.0
macro_main_business_taxes_and_surcharges_10k_pctchg12,0.0
macro_total_fixed_asset_investment_10k_diff1,0.0
search_gou_fang_yi_dong_all_lag12,0.0
macro_total_fixed_asset_investment_10k_pctchg1,0.0
imputed_poi_flag,0.0
macro_total_fixed_asset_investment_10k_diff3,0.0
is_double11,0.0
macro_total_fixed_asset_investment_10k_pctchg3,0.0
is_spring_festival,0.0
macro_total_fixed_asset_investment_10k_diff12,0.0
search_zu_gou_yi_dong_all_pctchg12,0.0
landnbr_transaction_amount_nearby_sectors_roll6_min,0.0
search_zu_gou_yi_dong_all_pctchg3,0.0
imputed_ponbr_price_pre_owned_house_transactions_nearby_sectors,0.0
landnbr_planned_building_area_nearby_sectors_roll6_min,0.0
imputed_macro_education_expenditure_10k,0.0
imputed_macro_residential_development_investment_completed_10k,0.0
imputed_landnbr_transaction_amount_nearby_sectors,0.0
imputed_land_transaction_amount,0.0
search_zu_gou_pc_all_pctchg1,0.0
imputed_po_price_pre_owned_house_transactions,0.0
search_li_lv_shang_diao_pc_all_lag12,0.0
search_fang_jia_pc_all_pctchg12,0.0
search_zu_gou_pc_all_pctchg3,0.0
search_fang_di_chan_kai_fa_pc_all_diff12,0.0
search_zu_gou_pc_all_pctchg12,0.0
search_er_shou_fang_shi_chang_yi_dong_all_diff12,0.0
search_zu_gou_yi_dong_all_pctchg1,0.0
macro_total_fixed_asset_investment_10k_pctchg12,0.0
macro_real_estate_development_investment_completed_10k_diff12,0.0
macro_education_expenditure_10k_yoy_pctchg1,0.0
macro_total_fixed_asset_investment_10k_yoy_pctchg12,0.0
macro_total_fixed_asset_investment_10k_yoy_diff1,0.0
macro_total_fixed_asset_investment_10k_yoy_pctchg1,0.0
macro_total_fixed_asset_investment_10k_yoy_diff3,0.0
macro_total_fixed_asset_investment_10k_yoy_pctchg3,0.0
macro_total_fixed_asset_investment_10k_yoy_diff12,0.0
macro_education_expenditure_10k_yoy_diff12,0.0
macro_science_expenditure_10k_yoy_diff1,0.0
macro_real_estate_development_investment_completed_10k_pctchg12,0.0
macro_science_expenditure_10k_yoy_diff3,0.0
macro_science_expenditure_10k_yoy_diff12,0.0
macro_science_expenditure_10k_yoy_pctchg12,0.0
macro_education_expenditure_10k_interp_pctchg1,0.0
macro_education_expenditure_10k_interp_pctchg3,0.0
macro_education_expenditure_10k_yoy_diff1,0.0
macro_education_expenditure_10k_yoy_pctchg12,0.0
land_transaction_amount_roll6_min,0.0
macro_total_fixed_asset_investment_10k_interp_diff12,0.0
macro_total_fixed_asset_investment_10k_interp_pctchg3,0.0
macro_total_fixed_asset_investment_10k_interp_diff3,0.0
macro_total_fixed_asset_investment_10k_interp_pctchg1,0.0
search_li_lv_shang_diao_yi_dong_all_lag12,0.0
search_er_shou_fang_shi_chang_pc_all_diff1,0.0
macro_total_fixed_asset_investment_10k_interp_diff1,0.0
nh_neighbor_amt_ratio,0.0
macro_total_fixed_assets_10k_yoy_diff12,0.0
land_transacted_flag,0.0
land_transacted_flag_lag1,0.0
macro_employed_population_yoy_diff12,0.0
macro_residential_development_investment_completed_10k_pctchg12,0.0
land_transacted_flag_lag3,0.0
macro_residential_development_investment_completed_10k_diff12,0.0
macro_total_fixed_asset_investment_10k_interp_pctchg12,0.0
macro_total_fixed_asset_investment_10k_yoy_lag6,0.0
land_transaction_amount_roll3_min,0.0
macro_per_capita_housing_area_sqm_yoy_lag3,0.0
macro_per_capita_housing_area_sqm_interp_lag6,0.0
land_num_land_transactions_lag12,0.0
land_num_land_transactions_lag6,0.0
land_num_land_transactions_lag2,0.0
macro_per_capita_housing_area_sqm_interp_lag3,0.0
macro_engel_coefficient_yoy_lag6,0.0
macro_engel_coefficient_yoy_lag3,0.0
macro_engel_coefficient_yoy_lag2,0.0
macro_engel_coefficient_yoy_lag1,0.0
search_qi_shui_pc_all_pctchg3,0.0
macro_engel_coefficient_interp_lag6,0.0
search_qi_shui_pc_all_pctchg12,0.0
macro_engel_coefficient_interp_lag3,0.0
macro_engel_coefficient_interp_lag2,0.0
macro_engel_coefficient_interp_lag1,0.0
macro_per_capita_disposable_income_index_previous_year_100_interp_lag6,0.0
macro_per_capita_disposable_income_index_previous_year_100_interp_lag3,0.0
macro_per_capita_housing_area_sqm_yoy_lag2,0.0
macro_university_students_10k_yoy_lag3,0.0
macro_total_fixed_asset_investment_10k_yoy,0.0
macro_university_students_10k_yoy_lag6,0.0
macro_total_fixed_asset_investment_10k_yoy_lag2,0.0
macro_total_fixed_asset_investment_10k_yoy_lag1,0.0
macro_total_fixed_asset_investment_10k_interp_lag12,0.0
macro_total_fixed_asset_investment_10k_interp_lag6,0.0
macro_total_fixed_asset_investment_10k_interp_lag3,0.0
macro_total_fixed_asset_investment_10k_interp_lag2,0.0
macro_total_fixed_asset_investment_10k_interp_lag1,0.0
macro_total_current_assets_10k_yoy_lag6,0.0
macro_total_current_assets_10k_yoy_lag3,0.0
macro_internet_broadband_access_ratio_yoy_lag6,0.0
macro_internet_broadband_access_ratio_yoy_lag3,0.0
macro_number_of_operating_bus_lines_yoy_lag3,0.0
macro_road_area_10k_sqm_yoy_lag6,0.0
macro_road_area_10k_sqm_yoy_lag3,0.0
macro_doctors_10k_yoy_lag6,0.0
search_li_lv_shang_diao_yi_dong_all_pctchg12,0.0
macro_kindergarten_students_10k_yoy_lag6,0.0
macro_urban_consumer_price_index_previous_year_100_yoy_lag6,0.0
macro_total_fixed_asset_investment_10k_interp,0.0
land_num_land_transactions_roll6_max,0.0
search_shou_fu_yi_dong_all_pctchg12,0.0
macro_gdp_population_ratio_yoy_lag2,0.0
search_zu_gou_pc_duan_pctchg3,0.0
search_zu_gou_pc_duan_pctchg12,0.0
macro_over_60_years_percent_yoy_lag6,0.0
macro_18_60_years_percent_yoy_lag6,0.0
macro_total_fixed_asset_investment_10k_lag12,0.0
macro_total_fixed_asset_investment_10k_lag6,0.0
macro_total_fixed_asset_investment_10k_lag3,0.0
macro_total_fixed_asset_investment_10k_lag2,0.0
search_zu_gou_yi_dong_duan_pctchg1,0.0
macro_total_fixed_asset_investment_10k_lag1,0.0
landnbr_planned_building_area_nearby_sectors_pctchg3,0.0
search_zu_gou_yi_dong_duan_pctchg3,0.0
search_zu_gou_yi_dong_duan_pctchg12,0.0
macro_total_fixed_asset_investment_10k_yoy_lag3,0.0
search_qu_xiao_xian_gou_yi_dong_all_lag12,0.0
land_num_land_transactions_roll3_max,0.0
search_zu_gou_pc_duan_pctchg1,0.0
macro_education_expenditure_10k_yoy_lag6,0.0
macro_total_fixed_asset_investment_10k,0.0
macro_employed_population_yoy_lag3,0.0
search_xian_shou_yi_dong_all,0.0
macro_urban_consumer_price_index_previous_year_100_yoy_lag3,0.0
macro_urban_consumer_price_index_previous_year_100_yoy_lag1,0.0
macro_retail_sales_growth_rate_interp_lag6,0.0
macro_retail_sales_growth_rate_interp_lag3,0.0
search_qu_xiao_xian_gou_pc_all_diff3,0.0
macro_retail_sales_growth_rate_interp_lag2,0.0
search_qu_xiao_xian_gou_pc_all_pctchg12,0.0
macro_retail_sales_growth_rate_interp_lag1,0.0
macro_white_collar_service_vs_blue_collar_manufacturing_ratio_interp_lag6,0.0
search_shui_fei_pc_all,0.0
macro_total_fixed_asset_investment_10k_yoy_lag12,0.0
macro_white_collar_service_vs_blue_collar_manufacturing_ratio_interp_lag2,0.0
macro_white_collar_service_vs_blue_collar_manufacturing_ratio_interp_lag1,0.0
search_qu_xiao_xian_gou_pc_all,0.0
macro_primary_industry_percent_yoy_lag2,0.0
macro_science_expenditure_10k_yoy_lag6,0.0
imputed_poi_shop_per_capita,0.0
